filename,label
acazlolrpz.mp4,0.49221383545973574
adohdulfwb.mp4,0.462778786377786
ahjnxtiamx.mp4,0.5069114574112544
